2분기 · 구조신호 계열 실제 콘텐츠,,,,,,,,,,,,,,
"진행은 신호를 믿는 것이 아니라, 위험과 비용을 감수하고 추적을 계속하는 선택",,,,,,,,,,,,,,
순서,EventId 가안,제목,발생 위치,도입 대화,상황 요약,진행 선택,진행 결과/효과,거부 선택,거부 결과,이벤트 일기 핵심,독립성,진행 +1,거부 +1,상태
1,Q2_SIGNAL_EVT_01,잡음 뒤의 목소리,벙커 · 늦은 시간 · 라디오,"라디오|치지직…… 치직……
라디오|……시…… 치직…… 반복……
한도윤|……뭐야? 방금 사람 목소리였나?
라디오|치지직…… 주파수…… 시간…… 치직……
한도윤|같은 말이 계속 반복되는 것 같은데…….
한도윤|조금 더 들어보면 뭔가 알 수 있을지도 모르겠어.","늦은 시간, 라디오에서 일정한 간격으로 짧은 음성과 신호음이 잡힌다.
내용은 대부분 잡음에 묻혀 정확히 알아들을 수 없지만, 누군가 특정 주파수와 방송 시간을 반복해서 말하는 것처럼 들린다.
오래전에 녹음된 자동 반복 방송일 수도 있고, 현재 누군가가 보내고 있는 신호일 수도 있다. 방송은 오랫동안 이어지고, 반복되는 잡음은 주인공의 신경을 거슬리게 한다.",방송 시간과 내용을 기록하며 계속 듣는다,">라디오에서 같은 숫자와 시간이 계속 반복됐다.
>대부분은 잡음에 묻혀 있었지만, 우연이라고 보기에는 일정한 규칙이 있었다.
>무엇을 위한 방송인지는 알 수 없지만 다음 방송 시간은 기록해두었다.
주인공은 잡음 속에서 반복되는 숫자와 방송 시간을 기록한다. 신호의 정체는 알 수 없지만, 일정한 규칙이 있다는 사실을 확인한다.
정신력이 소폭 감소한다",의미 없는 잡음이라 판단하고 소리를 무시한다,">한동안 잡음 섞인 목소리가 이어졌다.
>오래된 자동 방송인지, 누군가 지금 보내는 신호인지 확인할 수 없었다.
>의미 없는 소리에 정신을 빼앗기지 않기 위해 오늘은 라디오를 멀리했다.
불확실한 신호에 시간을 낭비하지 않기로 한다. 라디오를 완전히 끄거나 버리지는 않지만, 그날은 방송을 확인하지 않고 휴식을 취한다.","정체불명의 방송을 관찰하기 시작했거나, 불확실한 신호를 무시했다는 기록",이 이벤트를 거부해도 이후 더 선명한 신호가 나올 수 있음,1,1,부분확정
2,Q2_SIGNAL_EVT_02,신호가 닿는 장소,탐사 결과 후속 이벤트,"라디오|치직…… 치지직……
한도윤|아까보다 신호가 선명해졌네.
라디오|……치직…… 이 지역…… 현재……
한도윤|이쪽으로 갈수록 더 잘 들리는 건가?
한도윤|문제는 저 앞에 좀비가 너무 많다는 건데…….","탐사 도중, 탐사 장소 인근에서 정체불명의 주파수가 잡힌다. 특정 구역에 가까워질수록 짧은 음성과 신호음이 점점 선명해진다.
하지만 신호가 가장 강하게 잡히는 구역에는 좀비가 많고, 오래 머무르면 다른 생존자에게 자신의 존재를 들킬 위험도 있다.
신호를 더 자세히 확인하려면 현재 탐사 경로를 벗어나 위험한 구역까지 들어가야 한다",위험을 감수하고 신호가 강해지는 구역을 조사한다,">탐사 경로를 벗어나 신호가 강해지는 곳까지 들어갔다.
>방송에서는 최근 날짜와 이 지역의 상황이 언급됐다.
>누군가 지금도 방송을 보내고 있을 가능성은 높아졌지만, 발신자가 누구인지는 알 수 없다.
주인공은 신호가 강해지는 방향을 따라가 방송을 확인한다.
같은 문장이 반복되는 사이, 새로운 날짜와 주변 지역의 최근 상황이 언급된다. 오래전에 녹음된 자동 반복 방송이 아니라, 누군가 현재 방송을 송출하고 있을 가능성이 높아진다.
다만 방송을 보내는 사람이 누구인지는 여전히 알 수 없다.
체력·배고픔·갈증 소폭 감소",더 깊이 들어가지 않고 탐사를 마친다,">탐사 중 정체불명의 신호가 잡혔다.
>더 안쪽으로 들어가면 내용을 확인할 수 있었겠지만, 주변에는 좀비가 너무 많았다.
>확인되지 않은 방송보다 무사히 벙커로 돌아가는 일을 우선했다.
불확실한 신호 때문에 추가 위험을 감수하지 않기로 한다. 신호의 정체는 확인하지 못하지만 체력과 생존 자원을 보존한다.","위험 지역을 추가 조사했거나, 생존을 위해 탐사를 끝냈다는 기록",이벤트 1을 경험하지 않아도 독립적으로 발생 가능,1,1,부분확정
3,Q2_SIGNAL_EVT_03,생존자 응답 요청,벙커 · 라디오,"라디오|치지직…… 살아 있는 사람이 있다면…… 응답하라.
라디오|정해진 시간 안에 짧은 신호로 응답하라…… 치직…….
한도윤|이번엔 확실히 들렸어.
한도윤|생존자를 찾고 있는 건가……?
한도윤|하지만 내가 대답하면 누군가한테 내 존재가 알려지겠지.","어느 날 갑자기 전파 상태가 달라지면서, 라디오에서 이전보다 훨씬 또렷한 방송이 잡힌다.
방송에서는 살아 있는 사람이 있다면 정해진 시간 안에 짧은 신호를 보내라고 요구한다. 이름이나 정확한 위치는 요구하지 않지만, 응답할 경우 정체를 알 수 없는 누군가에게 자신의 생존 사실이 알려지게 된다.
방송의 발신자가 군인지, 민간 구조대인지, 일반 생존자 집단인지, 다른 목적을 가진 세력인지는 아직 확인할 수 없다.",위치를 숨긴 채 짧은 응답 신호를 보낸다,"주인공은 자신의 위치나 인적 사항을 밝히지 않고, 생존자가 존재한다는 사실만 알리는 짧은 신호를 보낸다.
잠시 동안 아무런 반응이 없다. 그러다 잡음 사이로 짧은 목소리가 돌아온다.
누군가> “……확인.”
>방송은 살아 있는 사람이 있다면 짧은 신호를 보내라고 했다.
>위치와 이름은 밝히지 않고 생존자가 있다는 사실만 알렸다.
>잠시 뒤 잡음 사이로 “확인”이라는 대답이 돌아왔다.
>누군가 내 신호를 들었다. 하지만 그들이 누구인지는 아직 모른다
상대가 주인공의 신호를 실시간으로 받았다는 사실은 확인됐지만, 상대의 정체와 목적은 여전히 알 수 없다.",위치 노출 가능성을 고려해 응답하지 않는다,">방송에서는 살아 있는 사람이 있다면 응답하라고 했다.
>정확한 위치를 요구하지는 않았지만, 신호를 보내면 누군가에게 내 존재가 알려진다.
>상대가 누구인지 알 수 없는 이상 응답하지 않는 편이 안전하다고 판단했다.
방송을 들었지만 응답하지 않는다. 상대에게 생존 사실을 알리지 않음으로써 벙커가 노출될 가능성을 피한다.","외부와 실제 접촉을 시작했거나, 노출 위험 때문에 응답하지 않았다는 기록",앞선 이벤트를 경험하지 않아도 전파 상태 변화로 발생 가능,1,1,확정
