2분기 · 합류 계열 실제 콘텐츠,,,,,,,,,,,,,,,,,,,,,,,,,
"모든 사건은 탐사 결과 확인 후 벙커로 복귀한 뒤 발생하며, 세 사건은 서로 독립적",,,,,,,,,,,,,,,,,,,,,,,,,
순서,EventId 가안,제목,발생 위치,상황 요약,진행 선택,진행 결과,거부 선택,거부 결과,이벤트 일기 핵심,독립성,진행 +1,거부 +1,상태,,,,,,,,,,,,
1,Q2_JOIN_EVT_01,문 앞의 교환 상자,탐사 후 벙커 출입문 앞,"플레이어가 탐사를 마치고 벙커로 복귀한다.
벙커 출입문 앞에는 떠날 때 없었던 작은 상자 하나가 놓여 있다.
플레이어가 주변을 확인하지만 사람은 보이지 않는다.
상자 안에는 소량의 물자와 짧은 메모가 들어 있다.
> “이 근처에서 활동하는 사람이 있다는 것을 알고 있다.”
> “싸울 생각은 없다.”
> “서로의 위치를 묻지 않고 물자나 정보만 교환하고 싶다.”
> “교환할 생각이 있다면 상자 안에 표시를 남겨라.”
상자에는 정확한 거점 위치나 작성자의 이름이 적혀 있지 않다.
근처에 여러 사람이 활동하고 있으며, 벙커의 존재를 어느 정도 알고 있다는 사실만 확인할 수 있다.",교환 의사를 표시한다,"자신의 이름이나 보유 물자를 적지 않고, 메모 아래에 짧은 표시를 남긴다.
> “위치는 공개하지 않는다.”
> “필요한 정보가 있다면 이곳에 남겨라.”
상자를 다시 출입문 바깥에 놓는다.",상자를 치운다,"상대가 벙커 주변을 다시 찾아오지 못하도록 상자와 메모를 치운다.
어떤 답변도 남기지 않는다.
> 누군가 벙커 앞에 교환 상자를 두고 갔다.
> 물자 교환은 핑계일 수도 있다.
> 상자와 메모를 모두 치웠다.","정체불명의 교환 제안에 제한적으로 응했거나, 상자를 치운 기록",다음 사건에서 이 선택을 직접 언급하지 않음,1,1,확정,,,,,,,,,,,,
2,Q2_JOIN_EVT_02,저녁의 노크,탐사 후 벙커 안 · 출입문,"플레이어가 탐사를 끝내고 벙커에서 획득 물자를 정리하던 중, 출입문 바깥에서 일정한 간격으로 문을 두드리는 소리가 들린다.
문밖의 사람은 자신이 근처 임시 거점에서 나온 탐사자라고 밝힌다.
그는 벙커 문을 열어달라고 요구하지 않는다.
대신 오늘 탐사 중 확인한 좀비 이동 경로를 알려주겠다며, 문을 사이에 두고 잠시 이야기하자고 제안한다.
> “문을 열 필요는 없다.”
> “서로 얼굴을 보지 않아도 된다.”
> “이 근처 북쪽 길은 당분간 이용하지 않는 편이 좋다.”
상대는 최근 주변에서 좀비 수가 늘고 있으며, 자신들의 거점도 탐사 경로를 바꾸고 있다고 말한다.",문을 사이에 두고 대화한다,"플레이어는 문을 열지 않은 채 상대의 이야기를 듣는다.
자신도 오늘 탐사에서 확인한 위험 지역 한 곳을 알려준다.
양쪽은 벙커와 임시 거점의 정확한 위치, 보유 물자와 인원수는 말하지 않는다.
> 저녁에 누군가 벙커 문을 두드렸다.
> 문은 열지 않고 서로가 확인한 위험 지역만 이야기했다.
> 그는 근처에 여러 사람이 머무는 거점이 있다고 말했다.
대화를 마친 상대는 더 이상 문을 두드리지 않고 돌아간다.",아무 대답도 하지 않는다,"플레이어는 벙커 안에 사람이 없는 것처럼 조용히 기다린다.
문밖의 사람은 몇 차례 더 말을 걸지만, 강제로 문을 열거나 위협하지 않는다.
잠시 후 발소리가 멀어진다.
> 누군가 문밖에서 말을 걸었다.
> 문을 열 필요가 없다고 했지만 대답하지 않았다.
> 한참 뒤 발소리가 사라졌다.","문을 열지 않고 정보를 교환했거나, 아무 대답 없이 보낸 기록",이벤트 1 선택과 관계없이 독립 발생,1,1,확정,,,,,,,,,,,,
3,Q2_JOIN_EVT_03,붉은 천을 묶은 방문자,탐사 후 벙커 출입문 근처,"플레이어가 탐사를 마치고 벙커로 돌아오자 출입문 근처에 두 사람이 기다리고 있다.
한 명은 다리를 다친 채 벽에 기대어 있고, 다른 한 명은 팔에 붉은 천을 묶고 주변을 경계하고 있다.
붉은 천을 묶은 사람은 자신이 근처 임시 거점의 경비를 담당하고 있다고 설명한다.
이 시점에서 붉은 완장은 약탈자의 상징이 아니라, 거점의 경비 인원을 구분하기 위한 표시다.
두 사람은 외부 탐사를 마치고 거점으로 돌아가던 중 좀비에게 쫓겼으며, 부상자가 다시 걸을 수 있을 때까지만 벙커 출입문 주변에서 쉬게 해달라고 요청한다.
> “안으로 들어갈 생각은 없다.”
> “문도 열지 않아도 된다.”
> “저 사람이 움직일 수 있을 때까지만 여기 있게 해달라.”",출입문 밖에서 잠시 쉬게 한다,"플레이어는 벙커 문을 열지 않은 상태로 두 사람이 외부의 가려진 공간에 잠시 머무르는 것을 허락한다.
붉은 완장을 찬 경비 인원은 주변을 살피고, 부상자는 잠시 휴식을 취한다.
시간이 지나 부상자가 다시 움직일 수 있게 되자 두 사람은 자리에서 일어난다.
떠나기 전 경비 인원은 자신들의 거점에도 여러 생존자가 있으며, 주변 사람들과 물자와 정보를 제한적으로 교환하고 있다고 말한다.
정확한 거점 위치는 밝히지 않는다.
> 벙커 앞에 부상자와 붉은 천을 묶은 사람이 와 있었다.
> 문은 열지 않고, 밖에서 잠시 쉬도록 허락했다.
> 붉은 천은 근처 거점의 경비를 구분하기 위한 표시라고 했다.",다른 장소로 이동하라고 한다,"플레이어는 자신의 벙커 근처에 외부인을 머물게 할 수 없다고 말한다.
붉은 완장 경비 인원은 플레이어를 위협하거나 문을 열려고 하지 않는다.
그는 부상자의 짐 일부를 버리고, 부상자를 부축해 다른 장소로 이동한다.
> 부상자를 데리고 온 사람들이 벙커 앞에서 쉬게 해달라고 했다.
> 하지만 외부인이 이곳에 머물게 둘 수는 없었다.
> 붉은 천을 묶은 사람은 부상자를 데리고 자리를 떠났다.","붉은 천이 거점 경비 표시라는 사실을 알게 됐거나, 외부인을 돌려보낸 기록",이전 사건에서 누굴 거절했어도 별개의 사람으로 자연스럽게 발생,1,1,확정,,,,,,,,,,,,
