EventId,계열,분기,일차,제목,일기장내용
Q3_JOIN_COMMON_DAY_01,합류계열,3분기,1일 차,갈라지기 시작한 배급,"외부 생존자들과의 접촉을 이어가기로 한 플레이어는, 그들이 머무는 임시 거점과 물자와 정보를 교환하는 관계를 유지한다.

거점에는 식량 배급과 부상자 치료, 생활 공간 관리를 담당하는 일반 생존자들과 외부 탐사와 좀비 방어를 담당하는 경비대가 함께 생활하고 있다.

경비대원들은 서로를 구분하기 위해 팔에 붉은 천을 묶고 있다. 이때의 붉은 완장은 약탈자의 상징이 아니라 거점 경비를 담당하는 사람들의 표시다.

플레이어는 아직 거점에 완전히 합류하지 않고 자신의 벙커에서 생활한다. 대신 생존자들과 정해진 장소에서 만나거나, 거점의 사람이 플레이어를 찾아오는 방식으로 관계를 이어간다.

최근 외부 탐사가 연달아 실패하고 부상자가 늘어나면서 거점의 식량과 물이 부족해지고 있다.

부족한 물자를 누구에게 우선 배급해야 하는지를 두고 일반 생존자들과 붉은 완장 경비대 사이에 갈등이 발생한다."
Q3_JOIN_COMMON_DAY_02,합류계열,3분기,2일 차,한 사람을 구하는 비용,"다음 날, 외부 탐사에 나갔던 사람들이 좀비에게 쫓겨 거점으로 돌아온다.

탐사 인원 한 명이 심한 부상을 입어 혼자 움직일 수 없게 되었고, 다른 사람들은 그를 현장에 남겨둔 채 돌아올 수밖에 없었다고 말한다.

붉은 완장 경비대는 남겨진 부상자를 데려오기 위해 다시 위험 지역으로 들어간다.

경비대는 부상자를 데리고 돌아오는 데 성공하지만, 구조 과정에서 경비대원 한 명도 부상을 입는다.

거점 내부에서는 두 부상자를 치료하고 계속 부양해야 하는지를 두고 새로운 갈등이 발생한다."
Q3_JOIN_COMMON_DAY_03,합류계열,3분기,3일 차,두 개의 탈출 계획,"거점의 정찰을 담당하던 사람이 대규모 좀비 무리가 현재 지역으로 이동하고 있다는 사실을 확인한다.

좀비 무리는 며칠 안에 거점 주변에 도착할 것으로 예상된다.

현재의 방어 시설과 경비 인원으로는 대규모 무리를 막기 어렵다.

생존자들은 늦어도 이틀 뒤에는 거점을 떠나야 한다는 결론을 내린다.

이를 계기로 공동체 내부에서 서로 다른 두 개의 탈출 계획이 제시된다.

일반 생존자들은 지하 정비 통로를 이용하는 계획을 주장한다.

붉은 완장 경비대는 물류창고의 차량을 확보하는 계획을 주장한다."
Q3_JOIN_COMMON_DAY_04,합류계열,3분기,4일 차,다른 사람의 자리,"붉은 완장 경비대가 물류창고 주변에서 다른 생존자 집단의 흔적을 발견한다.

물류창고를 이용하려는 사람들이 이미 존재한다는 사실이 알려지면서, 차량 확보 계획을 두고 공동체 내부의 갈등이 더욱 심해진다.

일반 생존자들은 먼저 상대와 대화해야 한다고 주장한다.

붉은 완장 경비대는 좀비 무리가 도착하기 전에 행동해야 한다고 주장한다.

논쟁이 계속되는 동안 붉은 완장 경비대는 차량 확보 준비에 필요하다며 공동 창고에 있던 무기와 식량 일부를 자신들의 구역으로 옮긴다.

일반 생존자들은 그 물자가 모두가 함께 모은 것이라며 항의한다.

이 사건을 계기로 하나였던 공동체는 사실상 일반 생존자 무리와 붉은 완장 무리로 갈라진다.

좀비 무리가 예상보다 빠르게 접근하고 있어, 두 무리 모두 내일 아침 거점을 떠나기로 했다.

나 역시 그전까지 누구와 함께 갈지 결정해야 한다."
Q3_JOIN_COMMON_DAY_05,합류계열,3분기,5일 차,최종 선택,"결국 아침이 밝았다.

밤새 거점 밖에서 들려오던 소리는 날이 밝을수록 가까워졌다. 멀리서 이어지는 울음소리와 무언가 무너지는 소리만으로도 대규모 좀비 무리가 이곳을 향해 오고 있다는 것을 알 수 있었다.

이제 이 거점도 오래 버티지 못한다.

나 역시 계속 벙커에 남아 있을 수는 없다. 좀비 무리가 이 지역을 뒤덮기 전에 이곳을 떠날 방법을 선택해야 한다.

일반 생존자들과 붉은 완장 경비대는 각자의 방식으로 떠날 준비를 마치고 나를 기다리고 있다.

지난 며칠 동안 확인한 기록들이 머릿속을 스친다. 어느 쪽도 안전한 길은 아니며, 누구를 따라가느냐에 따라 앞으로의 생존 방식도 완전히 달라질 것이다.

더는 결정을 미룰 시간이 없다.

오늘, 나는 누구와 함께 이곳을 떠날지 선택해야 한다."
