3분기 합류계열 이벤트,,,,,,,,,
"양쪽 집단의 공개 주장, 선택지, 선택 후 플레이어가 참여하는 행동을 날짜별로 정리했습니다.",,,,,,,,,
EventId,일차,제목,일반 생존자 멘트,붉은 완장 멘트,선택지 1,선택 후 행동 1,선택지 2,선택 후 행동 2,이벤트 유형/비고
Q3_JOIN_EVENT_DAY_01,1일 차,갈라지기 시작한 배급,"“지금 물자가 부족하다고 해서 아픈 사람부터 굶길 수는 없다.”
“적어도 모두가 버틸 수 있을 만큼은 나눠야 한다.”

일반 생존자들은 부상자와 비전투 인원을 포함해 모든 사람에게 최소한의 식량과 물을 배급해야 한다고 주장한다.

물자를 가져오지 못했더라도 공동체에 속한 사람이라면 기본적인 배급을 받아야 한다는 입장이다.","“밖에 나가는 사람들이 쓰러지면 다음 물자는 누가 가져오지?”
“거점을 지키는 사람들이 먼저 버텨야 모두가 산다.”

붉은 완장 경비대는 탐사와 경계를 담당하는 사람들에게 물자를 우선 배급해야 한다고 주장한다.

경비 인원이 약해지면 좀비의 공격을 막을 수 없고, 외부 탐사도 중단될 것이라는 입장이다.",일반 생존자들의 공동 배급을 지원한다,"플레이어는 자신이 가진 통조림이나 물을 공동 배급에 보태고, 일반 생존자들의 배급 작업을 돕는다.
공동 배급 기록을 얻었다.",붉은 완장 경비대의 경비 물자를 지원한다,"플레이어는 통조림이나 물을 붉은 완장 경비대에 전달하고, 순찰에 필요한 물자 정리를 돕는다.
경비대 활동 기록을 얻었다.",물자 제공
Q3_JOIN_EVENT_DAY_02,2일 차,한 사람을 구하는 비용,"“지금까지 함께 살아온 사람이다.”
“다쳤다는 이유만으로 밖에 남겨둘 수는 없다.”

일반 생존자들은 부상자가 당장 일을 하지 못하더라도 공동체의 구성원이므로 계속 치료해야 한다고 주장한다.

회복하면 다시 거점의 일에 참여할 수도 있다는 입장이다.","“한 사람을 구하러 갔다가 우리 쪽에서도 한 명이 다쳤다.”
“앞으로도 매번 이런 식으로 모두를 구할 수는 없다.”

붉은 완장 경비대는 한 사람을 살리기 위해 더 많은 사람을 위험에 빠뜨릴 수는 없다고 주장한다.

앞으로는 구조 요청이 발생해도 상황을 먼저 판단해야 한다는 입장이다.",일반 생존자들과 부상자 치료를 돕는다,"플레이어는 일반 생존자들과 함께 치료 공간을 정리하고 부상자를 돌보는 작업에 참여한다.
부상자 치료 기록을 얻었다.",붉은 완장 경비대의 구조 기록 정리를 돕는다,"플레이어는 부상당한 경비대원의 장비를 정리하고, 경비대가 작성한 구조 기록과 향후 구조 방침을 확인한다.
구조 대상 선별 기준을 얻었다",작업 참여
Q3_JOIN_EVENT_DAY_03,3일 차,두 개의 탈출 계획,"“차량이 없어도 움직일 수 있다.”
“통로를 이용하면 부상자와 나머지 사람들도 모두 데려갈 수 있다.”

일반 생존자들은 오래된 지하 정비 통로를 이용해 도시 외곽의 공공 대피소로 이동하자고 주장한다.

차량 없이 이동할 수 있고, 부상자와 비전투 인원도 함께 갈 수 있다는 입장이다.","“차량만 확보하면 저 무리가 도착하기 전에 도시를 벗어날 수 있다.”
“통로 안에서 길이 막히는 것보다 훨씬 확실한 방법이다.”

붉은 완장 경비대는 물류창고의 차량과 연료를 확보해 도로를 통해 도시를 빠져나가자고 주장한다.",일반 생존자들과 지하 통로 자료를 조사한다,"플레이어는 일반 생존자들과 함께 오래된 시설 도면과 관리 기록을 확인한다.
지하 통로 조사 결과을 얻었다.",붉은 완장 경비대의 차량 확보 계획을 검토한다,"플레이어는 경비대가 수집한 물류창고 정보와 차량 확보 계획을 함께 검토한다.
차량 및 탑승자 계획을 얻었다.",정보 조사
Q3_JOIN_EVENT_DAY_04,4일 차,다른 사람의 자리,"“그 사람들도 우리와 다르지 않다.”
“차량을 나눌 수 있는지 먼저 이야기해야 한다.”

일반 생존자들은 물류창고 사람들과 협상을 시도해야 한다고 주장한다.

차량이나 물자를 나누고 함께 탈출할 방법이 있는지 먼저 확인해야 한다는 입장이다.","“저쪽도 사람을 전부 태울 수 없다.”
“우리가 먼저 확보하지 않으면 결국 저들이 차량을 가지고 떠날 것이다.”

붉은 완장 경비대는 협상을 시도할 시간이 부족하며, 좀비 무리가 도착하기 전에 차량을 확보해야 한다고 주장한다.",일반 생존자들의 협상 준비를 돕는다,"플레이어는 일반 생존자들과 함께 협상 조건과 상대에게 전달할 내용을 정리한다.
협상 계획과 리스크 관리 계획서를 얻었다.",붉은 완장 경비대의 물류창고 조사에 동행한다,"플레이어는 붉은 완장 경비대와 함께 물류창고 주변을 조사하러 간다.
물류창고 점거 계획서를 얻었다.",계획·현장 참여 / 기존 탐사 시스템과 별개인 3분기 전용 이벤트
Q3_JOIN_EVENT_DAY_05,5일 차,최종 선택,"일반 생존자들은 남은 식량과 장비를 나누어 들고 지하 정비 통로로 이동할 준비를 한다.

부상자들은 다른 사람들의 부축을 받고 있으며, 일부 생존자들은 가져갈 수 없는 물자를 거점에 남긴다.

이들은 외곽의 공공 대피소가 현재도 안전한지 알지 못한다.

지하 통로의 상태도 완전히 확인되지 않았다.

그러나 누구도 거점에 남겨두지 않겠다고 말한다.","붉은 완장 경비대는 공동 창고에서 가져온 무기와 식량을 챙기고 물류창고로 출발할 준비를 한다.

그들은 차량과 연료를 확보하면 좀비 무리가 도착하기 전에 도시를 빠져나갈 수 있다고 주장한다.

경비대장은 플레이어에게 붉은 천을 건넨다.

“우리와 갈 거라면 이걸 차.”
“차량에는 네 자리도 준비해뒀다.”",일반 생존자들과 함께 지하 통로로 떠난다,「낯선 사람들과」 엔딩 방향 확정,붉은 완장을 차고 경비대와 함께 떠난다,「붉은 완장」 엔딩 방향 확정,최종 선택
