3분기 합류계열 단서,,,,,,,
1~4일 차에 선택한 집단의 활동에 참여한 뒤에만 획득하는 판단 단서 8개를 정리했습니다.,,,,,,,
ClueId,일차,집단,단서명,획득 조건,단서 결과,확인 정보,판단 의미
Q3_JOIN_CLUE_GENERAL_DAY_01,1일 차,일반 생존자,공동 배급 기록,일반 생존자들의 공동 배급을 지원한 뒤 획득,"배급을 돕는 과정에서 일반 생존자들이 부상자와 비전투 인원에게도 실제로 물자를 나누고 있다는 사실을 확인한다.

일부 사람은 자신의 몫을 줄여 부상자에게 양보하고 있다.

하지만 현재와 같은 방식으로 계속 배급하면 남은 물자가 빠르게 고갈될 가능성이 높다. 거점 내부에서도 물자를 구해온 사람과 그렇지 못한 사람이 같은 양을 받는 것이 공정한지를 두고 불만이 생기고 있다.","• 부상자와 비전투 인원도 배급 대상에 포함된다.
• 물자를 가져오지 못한 사람도 최소한의 배급을 받는다.
• 일부 생존자는 자신의 몫을 다른 사람에게 양보한다.
• 현재 방식으로는 식량과 물이 빠르게 고갈될 수 있다.
• 공동 배급 방식에 불만을 가진 사람도 존재한다.","일반 생존자들은 실제로 약한 사람에게도 물자를 나누고 있다.

그러나 모두를 책임지려는 방식 때문에 공동체 전체의 물자가 부족해질 가능성이 있다."
Q3_JOIN_CLUE_RED_DAY_01,1일 차,붉은 완장 경비대,경비대 활동 기록,붉은 완장 경비대의 경비 물자를 지원한 뒤 획득,"경비 물자를 정리하며 경비대원들과 대화를 나눈다.

그들이 실제로 거점 주변의 좀비를 막고 탐사 인원을 보호해왔다는 사실을 확인한다. 최근에는 경비 인원이 줄어들고 부상자가 늘면서 순찰조를 제대로 운영하기도 어려운 상황이다.

하지만 일부 경비대원은 앞으로 물자가 더 부족해지면 전투 능력이 없는 사람들의 배급을 줄여야 한다고 말하기 시작한다.","• 붉은 완장 경비대는 실제로 거점을 방어하고 있다.
• 외부 탐사와 구조 과정에서 부상자가 계속 발생하고 있다.
• 경비 인원이 줄어들면 거점 방어와 물자 확보가 어려워진다.
• 일부 경비대원은 전투 인원에게 우선적으로 물자를 지급해야 한다고 주장한다.
• 사람의 필요보다 집단에 대한 기여도를 중시하는 의견이 나타나기 시작한다.","경비대 우선 배급 주장은 단순한 특혜 요구가 아니다.

하지만 경비대 내부에서는 사람의 가치를 능력과 역할로 구분하려는 생각이 나타나고 있다."
Q3_JOIN_CLUE_GENERAL_DAY_02,2일 차,일반 생존자,부상자 치료 기록,일반 생존자들과 부상자 치료를 도운 뒤 획득,"치료 작업을 돕는 과정에서 일반 생존자들이 지금까지 부상자를 의도적으로 버리지 않았다는 사실을 확인한다.

과거에 치료받은 사람 중 일부는 회복한 뒤 탐사와 거점 수리에 다시 참여하고 있다.

하지만 이번 부상자는 회복까지 오랜 시간이 걸릴 가능성이 높다. 치료를 계속하면 남아 있는 물자와 의약품이 크게 줄어들 수 있다.

일반 생존자들 내부에서도 모든 부상자를 끝까지 책임질 수 있을지를 두고 의견이 갈리고 있다.","• 지금까지 부상자를 의도적으로 버린 사례는 없다.
• 회복한 사람 중 일부는 다시 공동체 활동에 참여했다.
• 이번 부상자는 장기간의 치료와 배급이 필요하다.
• 치료를 계속하면 다른 사람에게 돌아갈 물자가 줄어든다.
• 일반 생존자들도 현재 방식을 계속 유지할 수 있을지 확신하지 못한다.","사람을 끝까지 돌보는 행동이 공동체에 다시 도움이 될 가능성도 있다.

하지만 치료가 길어지면 집단 전체의 생존력이 낮아질 수 있다."
Q3_JOIN_CLUE_RED_DAY_02,2일 차,붉은 완장 경비대,구조 대상 선별 기준,붉은 완장 경비대의 구조 기록 정리를 도운 뒤 획득,"구조 기록을 정리하면서 붉은 완장 경비대가 실제로 여러 차례 위험에 빠진 생존자들을 구해왔다는 사실을 확인한다.

하지만 구조 작전이 반복될수록 경비 인원과 물자가 소모되고 있으며, 거점을 지킬 수 있는 사람도 줄어들고 있다.

경비대장은 앞으로 모든 구조 요청에 응답하지 않고, 구조 가능성과 대상의 상태를 기준으로 구조 대상을 선별할 계획이라고 말한다.

플레이어는 벙커 생존 경험과 탐사 능력이 있기 때문에 우선 구조 대상에 포함될 수 있다는 말도 듣는다.","• 붉은 완장 경비대는 실제로 위험을 감수하며 생존자들을 구조해왔다.
• 구조 작전으로 경비 인원과 물자가 계속 소모되고 있다.
• 앞으로는 모든 사람을 구조하지 않고 대상을 선별할 계획이다.
• 전투 능력, 기술, 물자 보유 여부가 구조 우선순위에 반영된다.
• 플레이어는 경비대가 보호할 가치가 있다고 판단한 대상에 포함되어 있다.","붉은 완장 경비대는 사람들을 보호할 능력과 경험이 있다.

그러나 앞으로는 모든 사람을 보호하는 대신, 집단에 도움이 되는 사람을 우선적으로 구하려 한다."
Q3_JOIN_CLUE_GENERAL_DAY_03,3일 차,일반 생존자,지하 통로 조사 결과,일반 생존자들과 지하 통로 자료를 조사한 뒤 획득,"오래된 시설 도면과 관리 기록을 통해 지하 통로가 실제로 도시 외곽 방향까지 연결되어 있다는 사실을 확인한다.

통로 중간에는 일부 붕괴된 구간이 있으며, 붕괴 지역을 피하는 우회로도 기록되어 있다.

하지만 우회로가 현재도 이용 가능한지는 확인되지 않았다.

부상자와 많은 물자를 함께 옮기면 이동 시간이 크게 늘어날 가능성도 있다.","• 지하 통로는 실제로 도시 외곽 방향까지 연결된다.
• 일부 구간에 붕괴 흔적이 있다.
• 붕괴 구간을 피할 수 있는 우회로가 존재한다.
• 우회로의 현재 상태는 확인되지 않았다.
• 부상자와 모든 생존자를 데려가면 이동 속도가 느려진다.
• 통로가 막혀 있을 경우 집단 전체가 위험해질 수 있다.","일반 생존자들의 탈출 계획은 실제 경로를 기반으로 한다.

그러나 통로의 상태가 불확실하고 많은 사람이 함께 이동해야 하므로 성공이 보장되지는 않는다."
Q3_JOIN_CLUE_RED_DAY_03,3일 차,붉은 완장 경비대,차량 및 탑승자 계획,붉은 완장 경비대의 차량 확보 계획을 검토한 뒤 획득,"경비대가 수집한 자료를 통해 물류창고에 차량과 비상 연료가 남아 있을 가능성이 높다는 사실을 확인한다.

차량을 확보하면 좀비 무리가 도착하기 전에 도시를 벗어날 가능성이 높다.

하지만 탑승 가능한 인원은 현재 거점 인원의 절반 정도에 불과하다.

경비대는 전투 능력과 기술, 건강 상태와 보유 물자를 기준으로 탑승자 후보를 정리하고 있다.

플레이어는 벙커 생존 경험과 탐사 능력 때문에 탑승 가능 대상에 포함되어 있다.","• 물류창고에는 차량과 연료가 실제로 남아 있을 가능성이 높다.
• 차량 탈출은 지하 통로보다 빠르고 성공 가능성이 높다.
• 모든 생존자가 탈 수 있는 좌석은 없다.
• 붉은 완장은 전투 능력과 기술을 기준으로 탑승자를 선별한다.
• 부상자와 비전투 인원은 탑승 대상에서 제외될 가능성이 높다.
• 플레이어는 탑승 가능 인원으로 분류되어 있다.","붉은 완장의 차량 탈출 계획은 빠르고 현실적이다.

하지만 그 성공은 일부 사람을 처음부터 남겨두는 것을 전제로 한다."
Q3_JOIN_CLUE_GENERAL_DAY_04,4일 차,일반 생존자,협상 계획과 리스크 관리 계획서,일반 생존자들의 협상 준비를 도운 뒤 획득,"협상 준비를 돕는 과정에서 물류창고 안에 부상자와 비전투 인원도 머무르고 있다는 사실을 확인한다.

창고 생존자들도 차량을 이용해 도시를 떠날 준비를 하고 있다.

차량 일부를 나누거나 함께 이동하는 협상을 받아들일 가능성은 남아 있지만, 협상이 길어질 경우 탈출 시기를 놓칠 수 있다.

협상이 실패하면 일반 생존자들은 지하 통로로 이동해야 하지만, 그때는 준비 시간도 더욱 부족해진다.","• 물류창고에는 부상자와 비전투 인원도 머무르고 있다.
• 그들도 차량을 이용해 도시를 떠나려 한다.
• 차량과 물자를 나눌 가능성은 완전히 사라지지 않았다.
• 협상이 길어지면 좀비 무리가 도착할 수 있다.
• 협상이 실패하면 지하 통로 이동 준비도 늦어진다.
• 다른 사람을 공격하지 않는 선택에는 큰 실패 위험이 따른다.","일반 생존자들은 다른 집단을 공격하지 않고 문제를 해결하려 한다.

하지만 협상에 시간을 사용하다가 자신들까지 탈출하지 못할 가능성이 있다."
Q3_JOIN_CLUE_RED_DAY_04,4일 차,붉은 완장 경비대,물류창고 점거 계획서,붉은 완장 경비대의 물류창고 조사에 동행한 뒤 획득,"물류창고 주변 조사에 동행하면서 붉은 완장 경비대가 단순한 확인이 아니라 기습 점거를 준비하고 있다는 사실을 알게 된다.

경비대는 창고 출입구를 차단한 뒤 차량 열쇠와 연료를 강제로 확보할 계획이다.

저항하는 사람은 제압하고, 나머지 생존자들은 창고와 차량에서 몰아낼 생각이다.

플레이어가 붉은 완장과 함께 간다면 출입구 차단이나 물자 운반에 참여해야 한다는 설명도 듣는다.","• 붉은 완장 경비대는 협상보다 기습 점거를 준비하고 있다.
• 창고의 출입구와 차량 열쇠를 먼저 확보할 계획이다.
• 저항하는 사람은 무력으로 제압한다.
• 남은 생존자들은 차량과 창고에서 쫓겨난다.
• 플레이어도 점거 작전에 직접 참여해야 한다.
• 작전이 성공하면 차량과 충분한 물자를 확보할 가능성이 높다.","붉은 완장을 선택하는 것은 강한 집단의 보호만 받는 선택이 아니다.

플레이어도 다른 생존자의 차량과 물자를 빼앗는 행동에 직접 참여해야 한다."
