EventId,계열,분기,일차,제목,도입 대화,일기장내용
Q3_SIGNAL_COMMON_DAY_01,구조신호계열,3분기,1일 차,두 번째 신호의 등장,"라디오|치지직…… 현재 이 주파수를 듣고 있는 생존자에게 알린다.
군 방송|우리는 이 지역의 생존자들을 수색 중인 군 구조부대다.
군 방송 방송|현재 위치를 유지하고, 추후 전달할 구조 지점과 이동 시간을 기다려라.
한도윤|……군이라고?
라디오|치지직…… 치직……
민간 방송|이 방송을 듣는 생존자들은 주의해라. 우리도 이 지역의 생존자들을 구조하고 있다.
한도윤|잠깐…… 다른 주파수에서도 방송이 나오잖아.
한도윤|대체 어느 쪽이 진짜지……?
한도윤|두 방송 중 어느 쪽이 진짜인지 확인할 단서를 찾아봐야겠어.","라디오에서 이전보다 선명해진 군용 주파수 방송이 들려온다.

방송 발신자는 자신들이 현재 지역의 생존자들을 수색 중인 군 구조부대라고 밝힌다.

군은 생존자들에게 당분간 현재 위치를 유지하고, 추후 전달될 구조 지점과 이동 시간을 기다리라고 안내한다.

방송이 끝난 뒤 기존에 듣지 못했던 다른 주파수에서 새로운 목소리가 들려온다.

두 번째 방송은 자신들도 지역 생존자들을 구조하고 있다고 말하지만, 정확한 소속과 위치는 밝히지 않는다."
Q3_SIGNAL_COMMON_DAY_02,구조신호계열,3분기,2일 차,민간 구조팀의 제안,"민간 방송|어제 방송을 들은 생존자들에게 다시 알린다.
민간 방송|우리는 군과 별도로 움직이는 민간 구조팀이다.
민간 방송|군 구조 지점보다 가까운 곳에서 생존자들을 모으고 있다.
한도윤|민간 구조팀…….
민간 방송|이동할 수 있다면 우리가 안내하는 집결 장소로 와라.
라디오|치직…… 현재 구조 작전을 준비 중이다. 위치를 유지하라…….
한도윤|군은 아직 장소를 안 알려주고 있고…… 이쪽은 지금 오라고 하네.","두 번째 주파수가 다시 방송을 시작한다.

발신자는 자신들을 군과 별도로 활동하는 민간 구조팀이라고 소개한다.

이들은 군이 안내하는 구조 지점보다 가까운 장소에서 생존자들을 모으고 있으며, 이동 가능한 생존자라면 자신들이 안내하는 집결 장소로 올 수 있다고 말한다.

군 주파수에서는 아직 정확한 구조 장소를 공개하지 않고, 구조 작전을 준비 중이라는 안내만 반복한다."
Q3_SIGNAL_COMMON_DAY_03,구조신호계열,3분기,3일 차,서로 다른 이동 계획,"첫 번쨰 방송|구조 계획을 알린다. 구조 차량은 도시 외곽 도로를 통해 이동한다.
첫 번쨰 방송|지정된 시간에 외곽 구조 지점으로 이동하라. 무장 병력이 생존자를 안전 구역으로 이송한다.
한도윤|외곽까지 가야 한다고……? 거리가 꽤 먼데.
라디오|치지직……
두 번째 방송|굳이 외곽까지 갈 필요는 없다. 더 가까운 집결 장소가 있다.
두 번째 방송|우리는 비교적 안전한 이동 경로를 확보했다.
한도윤|둘 다 같은 날 움직이라고 하네.
한도윤|……결정할 시간이 이틀밖에 없는 건가.","군 주파수가 구체적인 구조 계획을 발표한다.

군은 구조 차량이 도시 외곽 도로를 통해 이동할 예정이며, 지정된 시간에 외곽 구조 지점으로 이동하라고 안내한다.

구조 지점은 벙커에서 멀리 떨어져 있고 이동 경로도 길지만, 군은 차량과 무장 병력을 이용해 생존자들을 안전 구역으로 이송하겠다고 말한다.

이후 두 번째 주파수에서도 구체적인 계획을 제시한다.

두 번째 주파수는 군이 지정한 외곽 지점까지 갈 필요가 없으며, 벙커에서 더 가까운 집결 장소와 비교적 안전한 이동 경로를 알고 있다고 주장한다.

두 방송 모두 이틀 뒤를 이동 시점으로 제시했다.

어느 쪽의 신호를 따를지 결정할 시간은 이틀밖에 남지 않았다."
Q3_SIGNAL_COMMON_DAY_04,구조신호계열,3분기,4일 차,서로를 향한 경고,"군 방송|최근 민간 구조대를 자칭하는 미확인 방송이 생존자를 유인하고 있다는 제보가 있다.
군 방송|신원이 확인되지 않은 방송에 위치나 보유 물자를 알리지 마라. 공식 구조신호만 따라라.
한도윤|……저쪽 방송을 말하는 건가.
라디오|치직…… 치지직……
두 번째 방송|군의 말을 그대로 믿지 마라. 그들은 이전에도 구조 지점을 약속하고 사람들을 구하지 못했다.
두 번째 방송|외곽까지 가는 길이 정말 안전한지 직접 생각해라.
한도윤|서로 상대가 위험하다고 말하고 있어…….
한도윤|내일까지는 하나를 골라야 해.","군 주파수는 최근 민간 구조대를 자칭하는 미확인 방송이 생존자들을 유인하고 있다는 제보가 들어왔다고 말한다.

군은 신원이 확인되지 않은 방송에 현재 위치와 보유 물자 정보를 전달하지 말고, 공식 구조신호만 따르라고 경고한다.

잠시 후 두 번째 주파수에서도 군을 비판하는 방송이 들려온다.

두 번째 주파수는 군이 과거에도 구조 지점을 약속한 뒤 생존자들을 구하지 못한 적이 있으며, 외곽까지 이동하는 것은 위험한 선택이라고 주장한다.

양쪽 모두 자신들의 방식이 더 안전하며 상대방의 방송을 믿어서는 안 된다고 말한다.

두 주파수 모두 내일 최종 집결 위치와 출발 시간을 다시 방송하겠다고 알렸다.

내일까지는 어느 신호를 따를지 결정해야 한다."
Q3_SIGNAL_COMMON_DAY_05,구조신호계열,3분기,5일 차,최종 선택,"군 방송|최종 안내다. 구조 차량은 예정대로 출발했다.
군 방송|정해진 시간까지 외곽 구조 지점에 도착한 생존자만 탑승할 수 있다.
한도윤|……이제 정말 움직여야 하는 건가.
라디오|치지직……
민간 방송|우리는 가까운 집결 장소에서 기다리고 있다.
민간 방송|군의 먼 구조 지점으로 가기 전에 우리 쪽으로 와라.
한도윤|시간이 겹쳐. 둘 다 갈 수는 없어.
한도윤|지금까지 확인한 단서들을 생각해서…… 결정해야 한다.","군 주파수에서 마지막 방송이 전달된다.

군은 구조 차량이 예정대로 출발했으며, 정해진 시간까지 외곽 구조 지점으로 이동한 생존자만 탑승시킬 수 있다고 말한다.

이어서 두 번째 주파수에서도 마지막 방송이 들려온다.

두 번째 주파수는 가까운 집결 장소에서 생존자들을 기다리고 있으며, 군의 먼 구조 지점으로 이동하기 전에 자신들에게 오라고 말한다.

두 주파수의 집결 시간이 겹치기 때문에 플레이어는 어느 한쪽만 선택할 수 있다."
