「마지막 벙커」 1~4일 차 일기장 기획표,,,,,,,,
1일 차 정적 인식 → 2일 차 최근 흔적 부재 → 3일 차 신호 무응답 → 4일 차 고립 가능성 의심,,,,,,,,
,,,,,,,,
진행 일차,EntryId,제목,주요 내용,일기 본문,탐사 결과 추가 문구,탐사 문구 적용,고정 일기,비고
1,LAST_BUNKER_DAY_01_DIARY,계속되는 정적,외부가 유난히 조용하다는 사실을 처음 의식,"오늘따라 벙커 주변이 유난히 조용하게 느껴졌다.
며칠 동안 사람의 목소리도, 문밖의 기척도 듣지 못한 것 같다.
모두 다른 곳으로 이동한 걸까.",,아니오,예,아직 상황을 심각하게 받아들이지 않는 단계
2,LAST_BUNKER_DAY_02_DIARY,사라진 흔적,탐사 결과에서 최근 사람의 흔적이 없음을 확인,"탐사 중 오래전에 남겨진 흔적은 몇 개 발견했다.
하지만 최근에 누군가 지나갔다고 볼 만한 흔적은 어디에도 없었다.
내가 발견하지 못했을 뿐이라고 생각하고 싶다.","오래전에 남겨진 흔적은 있었지만, 최근에 누군가 지나간 흔적은 보이지 않았다.",예,예,일반 탐사 보상은 정상 지급하고 탐사 결과 문구만 추가
3,LAST_BUNKER_DAY_03_DIARY,돌아오지 않는 반응,확인 가능한 신호를 살펴보지만 반응 없음,"확인할 수 있는 신호는 전부 살펴봤지만 아무런 반응도 없었다.
누군가 듣고 있으면서 대답하지 않는 것인지, 애초에 들을 사람이 없는 것인지는 알 수 없다.
내일은 조금 더 직접 확인해봐야겠다.",,아니오,예,라디오 보유 여부와 관계없이 동일한 일기 사용
4,LAST_BUNKER_DAY_04_DIARY,남겨진 사람,정말 혼자 남았을 가능성을 처음 생각,"기다리고 있으면 언젠가는 누군가 나타날 거라고 생각했다.
하지만 지금까지 기다리고 있는 사람은 나뿐이었다.
어쩌면 정말 이 근처에는 나밖에 남지 않은 걸지도 모른다.",,아니오,예,세상 전체가 아니라 주인공이 확인 가능한 주변 범위만 의심
