「마지막 벙커」 5~6일 차 이벤트 기획표,,,,,,,,,,
5일 차: 신호 또는 흔적 남기기 + 최근 흔적 없는 탐사 / 6일 차: 수납장 또는 문 수리 + 장기 고립 수용,,,,,,,,,,
,,,,,,,,,,
진행 일차,EventId,제목,상황 본문,선택지 1,선택지 1 일기,선택지 2,선택지 2 일기,오늘의 일기,일반 이벤트,비고
5,LAST_BUNKER_DAY_05_EVENT,남아 있는 사람을 찾다,"며칠째 아무런 연락도 없다.
계속 기다리기만 해서는 다른 생존자가 남아 있는지 확인할 수 없을 것 같다.
우선 내가 이곳에 있다는 사실을 알려야 한다.",외부에 전달할 수 있는 신호를 시도한다,"오늘 외부에 신호를 보내 내가 이곳에 있다는 사실을 알리려 했다.
한동안 기다렸지만 아무런 응답도 없었다.
탐사에서도 최근에 사람이 지나간 흔적은 발견하지 못했다.
누군가 숨어 있는 것인지, 정말 아무도 없는 것인지는 아직 알 수 없다.",벙커 근처에 생존자의 흔적을 남긴다,"오늘 벙커 근처에 다른 생존자가 알아볼 수 있는 흔적을 남겼다.
한동안 기다렸지만 아무런 반응도 없었다.
탐사에서도 최근에 사람이 지나간 흔적은 발견하지 못했다.
누군가 숨어 있는 것인지, 정말 아무도 없는 것인지는 아직 알 수 없다.","오늘도 탐사를 다녀왔다.물건은 남아 있었지만 최근에 누군가 다녀간 흔적은 없었다.
먼지가 쌓인 바닥에는 내 발자국만 새롭게 남았다.",등장하지 않음,고정 선택 이벤트와 고정 탐사 결과가 같은 날 발생. 탐사 아이템 보상은 정상 획득.
6,LAST_BUNKER_DAY_06_EVENT,오래 버틸 공간,"벙커의 시설을 점검하던 중 수납장과 출입문이 많이 낡았다는 사실을 발견했다.
누군가를 기다리는 동안에도 이곳은 계속 망가지고 있다.
이제는 가지고 있는 자원으로 한쪽부터 손봐야 할 것 같다.",수납장을 수리한다,"망가진 수납장을 다시 고정하고 남아 있는 물건들을 정리했다.
적어도 물건들은 이전보다 안전하게 보관할 수 있을 것 같다.
며칠 동안 내가 이곳에 있다는 사실을 알리려 했지만 아무런 답도 없었다.
세상에 정말 나 혼자만 남은 것인지는 알 수 없다.
하지만 적어도 내가 닿을 수 있는 곳에는 아무도 없는 것 같다.
이제는 누군가를 기다리는 것보다 이곳에서 얼마나 오래 버틸 수 있을지를 생각해야 한다.",벙커 문을 수리한다,"느슨해진 벙커 문의 경첩과 잠금장치를 다시 고쳤다.
이 문이 버텨주는 동안은 안에서 살아남을 수 있을 것 같다.
며칠 동안 내가 이곳에 있다는 사실을 알리려 했지만 아무런 답도 없었다.
세상에 정말 나 혼자만 남은 것인지는 알 수 없다.
하지만 적어도 내가 닿을 수 있는 곳에는 아무도 없는 것 같다.
이제는 누군가를 기다리는 것보다 이곳에서 얼마나 오래 버틸 수 있을지를 생각해야 한다.","오늘은 벙커 곳곳을 점검했다. 기다리는 동안에도 이곳은 조금씩 낡아가고 있었다. 이제는 누군가를 기다리는 것보다, 여기서 오래 버틸 준비를 해야 할 것 같다.",등장하지 않음,선택 플래그만 저장. 실제 기지 수치 효과는 기지 시스템 구현 후 연결.
