「마지막 벙커」 7~9일 차 이벤트 기획표,,,,,,,,,,
7일 차: 생활 공간으로 받아들임 / 8일 차: 혼자 사는 생활이 일상이 됨 / 9일 차: 앞으로 기록을 어떻게 남길지 결정,,,,,,,,,,
,,,,,,,,,,
진행 일차,EventId,제목,상황 본문,선택지 1,선택지 1 일기,선택지 2,선택지 2 일기,오늘의 일기,일반 이벤트,비고
7,LAST_BUNKER_DAY_07_EVENT,비어 있는 자리,"벙커 안을 둘러보니 사용하지 않는 물건들이 여기저기 그대로 남아 있다.
누군가와 함께 사용할 것처럼 비워둔 자리도 있고, 오래 손대지 않은 물건도 많다.
언제까지 이곳에서 지내게 될지는 모르겠지만 계속 이렇게 둘 수는 없을 것 같다.",사용하지 않는 물건을 정리한다,"오늘 벙커 안에 쌓여 있던 물건들을 정리했다.
비어 있던 공간이 조금 넓어지고 필요한 물건도 찾기 쉬워졌다.
처음 이곳에 들어왔을 때와는 많이 달라졌다.
이제는 정말 여기서 살아간다는 생각으로 정리해야 할 것 같다.",그대로 둔다,"오늘은 벙커 안의 물건들을 그대로 두었다.
치워버리고 나면 정말 돌아올 사람이 아무도 없다는 걸 인정하는 것 같았다.
당장 생활에 방해되는 것도 아니니 조금 더 이대로 두기로 했다.","오늘은 벙커 안을 천천히 둘러봤다.
예전에는 잠시 머물 곳이라고 생각했는데, 이제는 이곳에서 보내는 시간이 더 익숙해지고 있다.",등장하지 않음,"고정 선택 이벤트. 선택지 1은 정신력 +5 권장, 하루 한 번만 적용. 두 선택 모두 엔딩에는 영향 없음."
8,LAST_BUNKER_DAY_08_DIARY,익숙해진 하루,,,,,,"오늘도 평소처럼 밖에 나갔다가 벙커로 돌아왔다.
물건을 정리하고 내일 필요한 것들을 확인했다.
어제와 크게 다르지 않은 하루였다.
이런 생활도 어느새 익숙해진 것 같다.",선택적으로 등장,"고정 선택 이벤트 없음. 일반 탐사와 자원 획득은 정상 진행.
탐사 결과에는 '익숙한 길을 따라 필요한 물건을 찾았다. 오래된 흔적들은 그대로였고 새롭게 달라진 것은 없었다.' 문구를 추가할 수 있음.
일반 이벤트를 사용한다면 마지막 벙커 등장 가능 이벤트 중 생활·시설 중심 사건을 우선 권장."
9,LAST_BUNKER_DAY_09_EVENT,남기는 기록,"일기장을 펼쳐보니 처음 벙커에 들어왔을 때부터 지금까지의 기록이 꽤 많이 쌓여 있다.
매일 있었던 일을 하나씩 적어왔지만 최근에는 비슷한 내용이 반복되고 있다.
앞으로도 계속 기록을 남길지 잠시 고민하게 된다.",앞으로도 매일 기록을 남긴다,"특별한 일이 없더라도 계속 기록을 남기기로 했다.
같은 하루가 반복되더라도 그날 내가 무엇을 했는지는 남겨두고 싶다.
읽어줄 사람이 있는지는 모르겠지만, 적어도 내가 여기서 살아왔다는 흔적은 될 것이다.",필요한 내용만 기록한다,"이제 매일 비슷한 내용을 적을 필요는 없을 것 같다.
필요한 일이나 특별한 변화가 있을 때만 기록하기로 했다.
일기를 쓰는 시간이 줄어들어도 하루는 계속 흘러갈 것이다.","오늘도 해야 할 일을 모두 끝냈다.
벙커 안의 물건도, 밖으로 나가는 길도 이제는 익숙하다.
내일도 아마 오늘과 크게 다르지 않을 것이다.",등장하지 않음,"하루 단위 생존 플레이의 마지막 고정 선택 이벤트.
두 선택 모두 스탯·엔딩 결과 변화 없음. 선택 기록만 저장.
오늘의 일기와 선택 결과 저장 후 생존 조건을 최종 확인하고, 생존 시 시간 경과 연출로 연결."
