ClueId,Enabled,LocationId,LocationName,LocationClueIndex,LocationClueTotal,Title,Subtitle,SignalTarget,EvidenceDirection,RecordFormat,SourceDescription,RecordText,JournalCategory,NoDuplicate
Q3_SIGNAL_CLUE_01,TRUE,LOC_CONVENIENCE_STORE,편의점,1,1,맞아떨어진 경고,두 번째 주파수의 정확한 지역 정보,SECOND_SIGNAL,TRUST,생존자의 손글씨 메모,계산대에서 뜯어낸 영수증 뒷면과 작은 지도 조각에 급하게 적힌 메모다.,"정체를 알 수 없는 방송에서 북쪽 도로로 가지 말라고 했다.

도로 한가운데가 무너졌고 그 주변에 좀비들이 몰려 있다고 했다.
처음에는 사람들을 다른 길로 유인하려는 함정이라고 생각했다.

그래도 확인은 해야 할 것 같아서 옥상으로 올라갔다.
방송에서 말한 그대로였다.
도로는 완전히 끊겨 있었고, 아래에는 좀비들이 몰려 있었다.

저 방송을 보내는 사람들이 누군지는 모른다.
하지만 적어도 이 동네에서 무슨 일이 벌어지고 있는지는 알고 있다.

북쪽으로 가지 마라.
이걸 발견한 사람도 다른 길을 찾아라.",판단 기록,TRUE
Q3_SIGNAL_CLUE_02,TRUE,LOC_HOSPITAL,병원,1,1,구조 전 확인 사항,두 번째 주파수의 물자 확인 정황,SECOND_SIGNAL,DOUBT,병원 무전 업무 기록,간호사실에서 사용하던 업무 기록지에 무전 내용을 받아 적은 흔적이 남아 있다.,"구조팀이라는 사람들이 응답해 왔다.

처음에는 살아 있는 사람이 몇 명인지 물었다.
걸을 수 없는 부상자가 있는지, 응급환자가 몇 명인지도 확인했다.
여기까지는 구조를 준비하는 과정이라고 생각했다.

그런데 그다음부터는 계속 물자에 관해 물었다.

남아 있는 식량의 양.
물의 양.
항생제와 진통제, 붕대와 소독약의 수량.
이동 가능한 차량이 있는지.
차량에 연료가 얼마나 남았는지.
무기를 가진 사람이 있는지.

필요한 정보를 알려주면 가장 가까운 집결 장소를 안내하겠다고 했다.
정확한 위치는 아직 말해주지 않았다.

구조를 준비하기 위한 질문일 수도 있다.
부상자와 차량을 옮기려면 필요한 정보일지도 모른다.

하지만 사람보다 물자에 관해 더 오래 물었다는 점이 마음에 걸린다.",판단 기록,TRUE
Q3_SIGNAL_CLUE_03,TRUE,LOC_POLICE_STATION,경찰서,1,2,중단된 대피 작전,군의 구조 작전 실패 및 은폐 정황,MILITARY_SIGNAL,DOUBT,군·경찰 합동 작전 보고서,군·경찰 합동 대피 작전 기록과 대외 발표 지침이 함께 남아 있다.,"[민간인 대피 작전 경과 보고]

민간인 대피 차량 3대가 외곽 집결지를 향해 출발했다.

이동 도중 주요 도로가 봉쇄되었으며, 선두 차량과의 통신이 끊겼다.
후속 차량은 진입을 중단하고 출발 지점으로 복귀했다.

선두 차량의 현재 위치와 탑승 인원의 상태는 확인되지 않는다.

추가 병력과 구조 차량 투입을 요청했으나 승인되지 않았다.

남아 있는 구조 대상자에게는 현 위치를 유지하고 추가 방송을 기다리도록 전달했다.

해당 지역의 대피 작전은 무기한 중단한다.
잔류 구조 대상자의 생사 여부는 확인되지 않았다.

[대외 발표 및 문의 대응 지침]

작전 중단 사실과 미확인 인원에 관한 내용은 대외 비공개로 처리한다.

관련 내용이 공개될 경우 대피를 기다리는 생존자들이 지정 구역을 이탈하거나 통제되지 않은 이동을 시도할 가능성이 있다.

외부 문의에는 다음과 같이 안내할 것.

“현장 상황에 따른 이동 경로 재조정으로 구조 일정이 연기되었다.”

작전 실패, 통신 두절 차량 및 미확인 탑승 인원에 관한 내용은 지휘부 승인 없이 공개하지 말 것.

[문서 가장자리의 연필 메모]

연기가 아니라 중단이다.
기다리고 있는 사람들은 이 사실을 모른다.",판단 기록,TRUE
Q3_SIGNAL_CLUE_04,TRUE,LOC_POLICE_STATION,경찰서,2,2,구조방송 관련 습격 보고서,민간 구조방송 이동 중 발생한 약탈 사건,SECOND_SIGNAL,DOUBT,경찰 사건 조사 보고서,재난 초기 경찰이 작성한 미확인 구조방송 관련 습격 사건 보고서다.,"[미확인 구조방송 관련 습격 사건 보고]

민간 구조대를 자칭한 무전방송을 듣고 지정된 장소로 이동하던 생존자들이 무장 집단의 습격을 받았다.

해당 방송에서는 인근 생존자들에게 가까운 집결 장소와 안전한 이동 경로를 안내했다.
이동 시 식량, 물, 의약품 등 생존에 필요한 물자를 준비하도록 요구한 것으로 확인된다.

사건 이후 구조된 생존자 1명은 집결 장소로 이동하던 도중 복면을 착용한 무장 인원들이 도로를 차단했다고 진술했다.

무장 인원들은 생존자들이 보유한 식량, 물, 의약품, 무기 및 차량을 빼앗았다.

저항한 일부 생존자는 공격받았으며, 나머지는 물자를 버린 뒤 주변 건물과 골목으로 흩어진 것으로 확인된다.

현재까지 확인된 사망자는 2명이며, 실종 인원의 수는 파악되지 않았다.

방송 발신자의 신원은 확인되지 않았다.
방송 발신자와 현장의 무장 집단 사이에 연관성 또는 사전 공모가 있었는지도 확인하지 못했다.

[추가 조사]

사건 이후에도 민간 구조대를 자칭하는 유사한 방송이 다른 주파수에서 여러 차례 확인됐다.

각 방송은 서로 다른 집결 장소를 안내했으며, 생존자들에게 물자와 이동 수단을 준비하도록 요구했다.

모든 방송이 동일한 집단에 의해 송출된 것인지는 확인되지 않았다.

신원이 확인되지 않은 구조방송에 현재 위치, 생존자 수, 보유 물자 및 차량 정보를 전달하지 말 것.",판단 기록,TRUE
Q3_SIGNAL_CLUE_05,TRUE,LOC_RESIDENTIAL,주택가,1,1,기다림의 마지막 기록,군 구조를 기다렸지만 구조받지 못한 생존자,MILITARY_SIGNAL,DOUBT,생존자의 개인 일기,작은 수첩의 마지막 몇 장에 군 구조방송을 기다렸던 생존자의 기록이 남아 있다.,"군 방송이 다시 들렸다.

이곳에서 움직이지 말라고 했다.
구조 차량이 올 때까지 문을 잠그고 실내에서 기다리면 된다고 했다.

밖으로 나가려던 사람들도 방송을 듣고 다시 집으로 돌아갔다.
군이 온다면 위험하게 길을 돌아다닐 이유가 없다고 생각했다.

[며칠 뒤]

방송에서는 아직 작전이 진행 중이라고 한다.
구조 차량이 늦어지고 있지만 반드시 올 거라고 했다.

창밖을 확인했지만 도로에는 아무것도 보이지 않았다.

물이 많이 남지 않았다.
그래도 지금 밖으로 나가는 것보다는 기다리는 편이 나을 것이다.

[마지막으로 작성된 페이지]

오늘이 방송에서 말한 구조 예정일이다.

아침부터 기다렸지만 아무도 오지 않았다.
해가 졌는데도 차량 소리는 들리지 않는다.

물은 어제 모두 떨어졌다.
남아 있는 음식도 이제 한 번 먹을 양뿐이다.

라디오에서는 여전히 움직이지 말라고 한다.
구조 작전이 끝나지 않았다고 한다.

그래도 밖으로 나가는 것보다는 기다리는 편이 나을 것이다.
군이 정말 오고 있다면, 내가 자리를 비운 사이 지나칠 수도 있으니까.

그다음 페이지에는 날짜만 적혀 있고 내용은 비어 있다.",판단 기록,TRUE
Q3_SIGNAL_CLUE_06,TRUE,LOC_COMM_STATION,통신소·방송국,1,1,오늘 날짜의 송출 기록,군 방송의 실시간 송출 증거,MILITARY_SIGNAL,TRUST,통신 장비 출력 기록 및 점검 메모,군용 주파수의 시간대별 송출 기록과 관제 담당자의 점검 메모다.,"[군용 주파수 대역 송출 감시 기록]

06:10 — 생존자 대기 안내 방송 수신
08:40 — 외곽 구조 작전 준비 안내 추가
11:20 — 북부 도로 혼잡 및 우회 권고 추가
14:05 — 구조 대상자 이동 시간 변경
16:30 — 동쪽 터널 폐쇄 경고 추가

[관제 담당자 메모]

같은 내용이 반복되는 자동방송이 아니다.

송출될 때마다 일부 문장과 이동 정보가 달라지고 있다.
시간과 구조 일정도 계속 수정된다.

마지막 방송에는 오늘 새벽 폐쇄된 동쪽 터널에 관한 경고가 추가되어 있었다.
터널 폐쇄 사실은 오전 감시 기록에서도 확인됐다.

오래전에 녹음된 방송이라면 알 수 없는 내용이다.

적어도 누군가는 지금도 주변 상황을 확인하면서 이 주파수의 방송 내용을 수정하고 있다.

다만 발신 위치를 정확히 추적하지는 못했다.
군 장비를 사용하고 있다는 사실만으로 방송을 보내는 사람이 실제 군인이라고 단정할 수는 없다.",판단 기록,TRUE
